{
    "real (0)": {
        "precision": 0.8461538461538461,
        "recall": 0.44,
        "f1-score": 0.5789473684210527,
        "support": 25.0
    },
    "fake (1)": {
        "precision": 0.6216216216216216,
        "recall": 0.92,
        "f1-score": 0.7419354838709677,
        "support": 25.0
    },
    "accuracy": 0.68,
    "macro avg": {
        "precision": 0.7338877338877339,
        "recall": 0.68,
        "f1-score": 0.6604414261460102,
        "support": 50.0
    },
    "weighted avg": {
        "precision": 0.7338877338877339,
        "recall": 0.68,
        "f1-score": 0.6604414261460101,
        "support": 50.0
    }
}