{
    "real (0)": {
        "precision": 1.0,
        "recall": 0.12,
        "f1-score": 0.21428571428571427,
        "support": 25.0
    },
    "fake (1)": {
        "precision": 0.5319148936170213,
        "recall": 1.0,
        "f1-score": 0.6944444444444444,
        "support": 25.0
    },
    "accuracy": 0.56,
    "macro avg": {
        "precision": 0.7659574468085106,
        "recall": 0.56,
        "f1-score": 0.45436507936507936,
        "support": 50.0
    },
    "weighted avg": {
        "precision": 0.7659574468085105,
        "recall": 0.56,
        "f1-score": 0.45436507936507936,
        "support": 50.0
    }
}