{
    "real (0)": {
        "precision": 0.5882352941176471,
        "recall": 0.4,
        "f1-score": 0.47619047619047616,
        "support": 25.0
    },
    "fake (1)": {
        "precision": 0.5454545454545454,
        "recall": 0.72,
        "f1-score": 0.6206896551724138,
        "support": 25.0
    },
    "accuracy": 0.56,
    "macro avg": {
        "precision": 0.5668449197860963,
        "recall": 0.56,
        "f1-score": 0.548440065681445,
        "support": 50.0
    },
    "weighted avg": {
        "precision": 0.5668449197860963,
        "recall": 0.56,
        "f1-score": 0.548440065681445,
        "support": 50.0
    }
}