{
    "real (0)": {
        "precision": 0.47368421052631576,
        "recall": 0.72,
        "f1-score": 0.5714285714285714,
        "support": 25.0
    },
    "fake (1)": {
        "precision": 0.4166666666666667,
        "recall": 0.2,
        "f1-score": 0.2702702702702703,
        "support": 25.0
    },
    "accuracy": 0.46,
    "macro avg": {
        "precision": 0.4451754385964912,
        "recall": 0.45999999999999996,
        "f1-score": 0.42084942084942084,
        "support": 50.0
    },
    "weighted avg": {
        "precision": 0.4451754385964912,
        "recall": 0.46,
        "f1-score": 0.42084942084942084,
        "support": 50.0
    }
}