{
    "real (0)": {
        "precision": 0.9230769230769231,
        "recall": 0.48,
        "f1-score": 0.631578947368421,
        "support": 25.0
    },
    "fake (1)": {
        "precision": 0.6486486486486487,
        "recall": 0.96,
        "f1-score": 0.7741935483870968,
        "support": 25.0
    },
    "accuracy": 0.72,
    "macro avg": {
        "precision": 0.7858627858627859,
        "recall": 0.72,
        "f1-score": 0.7028862478777589,
        "support": 50.0
    },
    "weighted avg": {
        "precision": 0.7858627858627858,
        "recall": 0.72,
        "f1-score": 0.7028862478777589,
        "support": 50.0
    }
}