{
    "real (0)": {
        "precision": 1.0,
        "recall": 0.04,
        "f1-score": 0.07692307692307693,
        "support": 25.0
    },
    "fake (1)": {
        "precision": 0.5102040816326531,
        "recall": 1.0,
        "f1-score": 0.6756756756756757,
        "support": 25.0
    },
    "accuracy": 0.52,
    "macro avg": {
        "precision": 0.7551020408163265,
        "recall": 0.52,
        "f1-score": 0.37629937629937626,
        "support": 50.0
    },
    "weighted avg": {
        "precision": 0.7551020408163265,
        "recall": 0.52,
        "f1-score": 0.37629937629937626,
        "support": 50.0
    }
}