{
    "real (0)": {
        "precision": 0.5142857142857142,
        "recall": 0.72,
        "f1-score": 0.6,
        "support": 25.0
    },
    "fake (1)": {
        "precision": 0.5333333333333333,
        "recall": 0.32,
        "f1-score": 0.4,
        "support": 25.0
    },
    "accuracy": 0.52,
    "macro avg": {
        "precision": 0.5238095238095237,
        "recall": 0.52,
        "f1-score": 0.5,
        "support": 50.0
    },
    "weighted avg": {
        "precision": 0.5238095238095238,
        "recall": 0.52,
        "f1-score": 0.5,
        "support": 50.0
    }
}