{
    "real (0)": {
        "precision": 0.7333333333333333,
        "recall": 0.44,
        "f1-score": 0.55,
        "support": 25.0
    },
    "fake (1)": {
        "precision": 0.6,
        "recall": 0.84,
        "f1-score": 0.7,
        "support": 25.0
    },
    "accuracy": 0.64,
    "macro avg": {
        "precision": 0.6666666666666666,
        "recall": 0.64,
        "f1-score": 0.625,
        "support": 50.0
    },
    "weighted avg": {
        "precision": 0.6666666666666665,
        "recall": 0.64,
        "f1-score": 0.625,
        "support": 50.0
    }
}