{
    "real (0)": {
        "precision": 0.8,
        "recall": 0.16,
        "f1-score": 0.26666666666666666,
        "support": 25.0
    },
    "fake (1)": {
        "precision": 0.5333333333333333,
        "recall": 0.96,
        "f1-score": 0.6857142857142857,
        "support": 25.0
    },
    "accuracy": 0.56,
    "macro avg": {
        "precision": 0.6666666666666667,
        "recall": 0.5599999999999999,
        "f1-score": 0.47619047619047616,
        "support": 50.0
    },
    "weighted avg": {
        "precision": 0.6666666666666667,
        "recall": 0.56,
        "f1-score": 0.4761904761904762,
        "support": 50.0
    }
}