{
    "real (0)": {
        "precision": 0.8235294117647058,
        "recall": 0.56,
        "f1-score": 0.6666666666666666,
        "support": 25.0
    },
    "fake (1)": {
        "precision": 0.6666666666666666,
        "recall": 0.88,
        "f1-score": 0.7586206896551724,
        "support": 25.0
    },
    "accuracy": 0.72,
    "macro avg": {
        "precision": 0.7450980392156863,
        "recall": 0.72,
        "f1-score": 0.7126436781609196,
        "support": 50.0
    },
    "weighted avg": {
        "precision": 0.7450980392156862,
        "recall": 0.72,
        "f1-score": 0.7126436781609194,
        "support": 50.0
    }
}