{
    "real (0)": {
        "precision": 0.6363636363636364,
        "recall": 0.84,
        "f1-score": 0.7241379310344828,
        "support": 25.0
    },
    "fake (1)": {
        "precision": 0.7647058823529411,
        "recall": 0.52,
        "f1-score": 0.6190476190476191,
        "support": 25.0
    },
    "accuracy": 0.68,
    "macro avg": {
        "precision": 0.7005347593582887,
        "recall": 0.6799999999999999,
        "f1-score": 0.6715927750410509,
        "support": 50.0
    },
    "weighted avg": {
        "precision": 0.7005347593582887,
        "recall": 0.68,
        "f1-score": 0.6715927750410509,
        "support": 50.0
    }
}