{
    "real (0)": {
        "precision": 0.5588235294117647,
        "recall": 0.76,
        "f1-score": 0.6440677966101694,
        "support": 25.0
    },
    "fake (1)": {
        "precision": 0.625,
        "recall": 0.4,
        "f1-score": 0.4878048780487805,
        "support": 25.0
    },
    "accuracy": 0.58,
    "macro avg": {
        "precision": 0.5919117647058824,
        "recall": 0.5800000000000001,
        "f1-score": 0.565936337329475,
        "support": 50.0
    },
    "weighted avg": {
        "precision": 0.5919117647058824,
        "recall": 0.58,
        "f1-score": 0.5659363373294749,
        "support": 50.0
    }
}